[{"model": "store.size", "pk": 1, "fields": {"value": "M"}}, {"model": "store.size", "pk": 2, "fields": {"value": "S"}}, {"model": "store.size", "pk": 3, "fields": {"value": "XL"}}, {"model": "store.color", "pk": 1, "fields": {"name": "VERMILLION SCARLET", "hex": "#E11414"}}, {"model": "store.color", "pk": 2, "fields": {"name": "MAGNIFICANT PURPLE", "hex": "#E52DFF"}}, {"model": "store.collection", "pk": 1, "fields": {"name": "ss2024", "collection_image": "product_images/collection_images/IMG_9781_17xGilG.JPG", "link": "spring-summer-2024", "show_in_welcome_page": true}}, {"model": "store.collection", "pk": 2, "fields": {"name": "home2024", "collection_image": "product_images/collection_images/NNM08671_14lSAgu_TZYfJrd_PtxVj3v_D57PBcZ_nlZQwT2_jPIHi3O.jpg", "link": "home2024", "show_in_welcome_page": false}}, {"model": "store.category", "pk": 1, "fields": {"name": "Ready to wear", "code": "ready-to-wear", "category_image": "product_images/category_images/Capture_One_Catalog1096_0WjoExk_sHz2yPr.jpg", "category_image_women": "", "category_image_men": "", "category_image_unisex": "", "apply_gender": true, "types": [1, 2]}}, {"model": "store.category", "pk": 7, "fields": {"name": "Accessories", "code": "accessories", "category_image": "product_images/category_images/Capture_One_Catalog1096_2i3EjZd_Koaq6Wa_WH1RTf6_VxuXH8T.jpg", "category_image_women": "", "category_image_men": "", "category_image_unisex": "", "apply_gender": true, "types": [3, 4, 5]}}, {"model": "store.category", "pk": 8, "fields": {"name": "Jewelery", "code": "jewelery", "category_image": "product_images/category_images/Capture_One_Catalog1028_rf2f4cc_SLlbwd9_GeyZLkg_MToijbc.jpg", "category_image_women": "", "category_image_men": "", "category_image_unisex": "", "apply_gender": true, "types": [6, 7, 8, 13, 14, 15]}}, {"model": "store.category", "pk": 9, "fields": {"name": "Home", "code": "home", "category_image": "product_images/category_images/Capture_One_Catalog1026_iyNa4ps_v5pSTpf_T5Qxivf.jpg", "category_image_women": "", "category_image_men": "", "category_image_unisex": "", "apply_gender": true, "types": [9, 10]}}, {"model": "store.category", "pk": 10, "fields": {"name": "Shoes", "code": "shoes", "category_image": "product_images/category_images/Capture_One_Catalog1096_BVK51uZ_BEWmy8w_o0u1vNj_qE5A7bY_i0qSBrv.jpg", "category_image_women": "", "category_image_men": "", "category_image_unisex": "", "apply_gender": true, "types": [11, 12]}}, {"model": "store.type", "pk": 1, "fields": {"name": "T-Shirt", "code": "t-shirt", "category": 1}}, {"model": "store.type", "pk": 2, "fields": {"name": "Bomber", "code": "bomber", "category": 1}}, {"model": "store.type", "pk": 3, "fields": {"name": "Bags", "code": "bags", "category": 7}}, {"model": "store.type", "pk": 4, "fields": {"name": "Purses", "code": "purses", "category": 7}}, {"model": "store.type", "pk": 5, "fields": {"name": "Socks", "code": "socks", "category": 7}}, {"model": "store.type", "pk": 6, "fields": {"name": "Diamonds", "code": "diamonds", "category": 8}}, {"model": "store.type", "pk": 7, "fields": {"name": "Emeralds", "code": "emeralds", "category": 8}}, {"model": "store.type", "pk": 8, "fields": {"name": "Gold", "code": "gold", "category": 8}}, {"model": "store.type", "pk": 9, "fields": {"name": "Forks", "code": "forks", "category": 9}}, {"model": "store.type", "pk": 10, "fields": {"name": "Spoons", "code": "spoons", "category": 9}}, {"model": "store.type", "pk": 11, "fields": {"name": "Birkenschtoks", "code": "birkenschtoks", "category": 10}}, {"model": "store.type", "pk": 12, "fields": {"name": "Sneakers", "code": "sneakers", "category": 10}}, {"model": "store.type", "pk": 13, "fields": {"name": "Obsidian", "code": "obsidian", "category": 8}}, {"model": "store.type", "pk": 14, "fields": {"name": "Silver", "code": "silver", "category": 8}}, {"model": "store.type", "pk": 15, "fields": {"name": "Copper", "code": "copper", "category": 8}}, {"model": "store.stock", "pk": 1, "fields": {"item": 1, "size": 1, "color": 1, "in_stock": 9}}, {"model": "store.stock", "pk": 2, "fields": {"item": 2, "size": 3, "color": 2, "in_stock": 21}}, {"model": "store.stock", "pk": 3, "fields": {"item": 3, "size": 1, "color": 1, "in_stock": 4}}, {"model": "store.stock", "pk": 4, "fields": {"item": 3, "size": 2, "color": 2, "in_stock": 5}}, {"model": "store.stock", "pk": 6, "fields": {"item": 4, "size": 1, "color": 1, "in_stock": 29}}, {"model": "store.stock", "pk": 7, "fields": {"item": 4, "size": 1, "color": 2, "in_stock": 1}}, {"model": "store.stock", "pk": 8, "fields": {"item": 4, "size": 2, "color": 1, "in_stock": 1}}, {"model": "store.stock", "pk": 9, "fields": {"item": 5, "size": 1, "color": 1, "in_stock": 0}}, {"model": "store.stock", "pk": 10, "fields": {"item": 6, "size": 3, "color": 1, "in_stock": 93}}, {"model": "store.stock", "pk": 11, "fields": {"item": 6, "size": 1, "color": 2, "in_stock": 13}}, {"model": "store.stock", "pk": 12, "fields": {"item": 6, "size": 2, "color": 1, "in_stock": 68}}, {"model": "store.stock", "pk": 13, "fields": {"item": 7, "size": 2, "color": 1, "in_stock": 82}}, {"model": "store.stock", "pk": 14, "fields": {"item": 7, "size": 1, "color": 1, "in_stock": 53}}, {"model": "store.stock", "pk": 15, "fields": {"item": 7, "size": 1, "color": 2, "in_stock": 12}}, {"model": "store.stock", "pk": 16, "fields": {"item": 8, "size": 2, "color": 2, "in_stock": 82}}, {"model": "store.stock", "pk": 17, "fields": {"item": 8, "size": 3, "color": 2, "in_stock": 76}}, {"model": "store.stock", "pk": 18, "fields": {"item": 8, "size": 1, "color": 2, "in_stock": 78}}, {"model": "store.stock", "pk": 19, "fields": {"item": 9, "size": 2, "color": 2, "in_stock": 70}}, {"model": "store.stock", "pk": 20, "fields": {"item": 9, "size": 1, "color": 2, "in_stock": 79}}, {"model": "store.stock", "pk": 21, "fields": {"item": 9, "size": 3, "color": 2, "in_stock": 0}}, {"model": "store.stock", "pk": 22, "fields": {"item": 10, "size": 1, "color": 1, "in_stock": 1}}, {"model": "store.stock", "pk": 23, "fields": {"item": 10, "size": 2, "color": 2, "in_stock": 33}}, {"model": "store.stock", "pk": 24, "fields": {"item": 10, "size": 1, "color": 2, "in_stock": 34}}, {"model": "store.stock", "pk": 25, "fields": {"item": 2, "size": 1, "color": 2, "in_stock": 1}}, {"model": "store.carouselimage", "pk": 5, "fields": {"item": 3, "image": "product_images/1/_054f4705-4234-4cd6-8630-37f3b34f4ab9_YPYRdLs.jpeg"}}, {"model": "store.carouselimage", "pk": 6, "fields": {"item": 3, "image": "product_images/1/_e7a283d7-6da2-4c27-89cc-3414884995b9_VRbdSKS.jpeg"}}, {"model": "store.carouselimage", "pk": 7, "fields": {"item": 3, "image": "product_images/1/_2a3038e9-789d-469b-a712-e52ffc183911_7jPpPRZ.jpeg"}}, {"model": "store.carouselimage", "pk": 8, "fields": {"item": 4, "image": "product_images/1/NNM08608.jpg"}}, {"model": "store.carouselimage", "pk": 9, "fields": {"item": 1, "image": "product_images/1/NNM08671.jpg"}}, {"model": "store.carouselimage", "pk": 10, "fields": {"item": 1, "image": "product_images/1/NNM08690.jpg"}}, {"model": "store.carouselimage", "pk": 11, "fields": {"item": 2, "image": "product_images/1/NNM08791.jpg"}}, {"model": "store.carouselimage", "pk": 12, "fields": {"item": 2, "image": "product_images/1/NNM08772.jpg"}}, {"model": "store.carouselimage", "pk": 13, "fields": {"item": 2, "image": "product_images/1/NNM08808.jpg"}}, {"model": "store.carouselimage", "pk": 14, "fields": {"item": 4, "image": "product_images/1/NNM08628.jpg"}}, {"model": "store.carouselimage", "pk": 15, "fields": {"item": 5, "image": "product_images/1/Capture_One_Catalog1026_48OH2Zh.jpg"}}, {"model": "store.carouselimage", "pk": 16, "fields": {"item": 6, "image": "product_images/1/Capture_One_Catalog1096_Lk2z2ZD.jpg"}}, {"model": "store.carouselimage", "pk": 17, "fields": {"item": 6, "image": "product_images/1/Capture_One_Catalog1028_6QmkY80.jpg"}}, {"model": "store.carouselimage", "pk": 18, "fields": {"item": 6, "image": "product_images/1/Capture_One_Catalog1026_wyE3C1z.jpg"}}, {"model": "store.carouselimage", "pk": 19, "fields": {"item": 7, "image": "product_images/1/Capture_One_Catalog1096_Bd6OezY.jpg"}}, {"model": "store.carouselimage", "pk": 20, "fields": {"item": 7, "image": "product_images/1/Capture_One_Catalog1096_PEFzg5L.jpg"}}, {"model": "store.carouselimage", "pk": 21, "fields": {"item": 7, "image": "product_images/1/Capture_One_Catalog1026_G41xZgh.jpg"}}, {"model": "store.carouselimage", "pk": 22, "fields": {"item": 8, "image": "product_images/1/Capture_One_Catalog1028_pvhZAIx.jpg"}}, {"model": "store.carouselimage", "pk": 23, "fields": {"item": 8, "image": "product_images/1/Capture_One_Catalog1026_uMhIO49.jpg"}}, {"model": "store.carouselimage", "pk": 24, "fields": {"item": 8, "image": "product_images/1/Capture_One_Catalog1096_XZdwfOA.jpg"}}, {"model": "store.carouselimage", "pk": 25, "fields": {"item": 9, "image": "product_images/1/Capture_One_Catalog1026_z5qKWaS.jpg"}}, {"model": "store.carouselimage", "pk": 26, "fields": {"item": 9, "image": "product_images/1/Capture_One_Catalog1028_AdmNKq4.jpg"}}, {"model": "store.carouselimage", "pk": 27, "fields": {"item": 9, "image": "product_images/1/Capture_One_Catalog1096_sgYSCIL.jpg"}}, {"model": "store.carouselimage", "pk": 28, "fields": {"item": 10, "image": "product_images/1/Capture_One_Catalog1096_gsPHlYL.jpg"}}, {"model": "store.carouselimage", "pk": 29, "fields": {"item": 10, "image": "product_images/1/Capture_One_Catalog1028_dhie4Ze.jpg"}}, {"model": "store.carouselimage", "pk": 30, "fields": {"item": 10, "image": "product_images/1/Capture_One_Catalog1026_0vgBUpZ.jpg"}}, {"model": "store.item", "pk": 1, "fields": {"name": "Tunic Black", "gender": "men", "collection": 1, "type": 1, "description": "Test description", "price": "399.00", "discount": "0.00", "image": "product_images/item_images/NNM08671_x41WiVL_eJEEkQV.jpg"}}, {"model": "store.item", "pk": 2, "fields": {"name": "Test item 2", "gender": "women", "collection": 1, "type": 1, "description": "Lorem ipsum dolor sit amet, consectetur adipisicing elit. Accusantium aliquam commodi consequatur deleniti voluptas. Accusamus alias consectetur doloremque facere hic magnam, minus reiciendis similique. Deleniti enim eum explicabo facilis harum.", "price": "399.00", "discount": "0.00", "image": "product_images/item_images/NNM08791_4HJYqbx_VIeot1h_sYU62fK.jpg"}}, {"model": "store.item", "pk": 3, "fields": {"name": "Create item", "gender": "unisex", "collection": 1, "type": 1, "description": "Create item", "price": "399.99", "discount": "0.00", "image": "product_images/item_images/IMG_1176_oyxLq5B_V1zwXtW.jpg"}}, {"model": "store.item", "pk": 4, "fields": {"name": "Test ITEM 10", "gender": "women", "collection": 1, "type": 4, "description": "Description", "price": "999.99", "discount": "10.00", "image": "product_images/item_images/NNM08608_IFGucw3_d349yI9_WfIaug8_XW71P9O.jpg"}}, {"model": "store.item", "pk": 5, "fields": {"name": "Test item 2", "gender": "women", "collection": 1, "type": 5, "description": "Socks", "price": "1999.99", "discount": "0.00", "image": "product_images/item_images/Capture_One_Catalog1096_GDjeZD8.jpg"}}, {"model": "store.item", "pk": 6, "fields": {"name": "Fiona Stevenson", "gender": "women", "collection": 1, "type": 10, "description": "Vel nisi excepteur v", "price": "667.99", "discount": "0.00", "image": "product_images/item_images/Capture_One_Catalog1096_Q9ezkRp.jpg"}}, {"model": "store.item", "pk": 7, "fields": {"name": "Heidi Gillespie", "gender": "men", "collection": 1, "type": 3, "description": "Totam optio officia", "price": "817.99", "discount": "27.00", "image": "product_images/item_images/Capture_One_Catalog1096_2avmWpT.jpg"}}, {"model": "store.item", "pk": 8, "fields": {"name": "Joan Cooper", "gender": "men", "collection": 1, "type": 7, "description": "Asperiores error ani", "price": "872.99", "discount": "61.00", "image": "product_images/item_images/Capture_One_Catalog1096_CJOPE2E.jpg"}}, {"model": "store.item", "pk": 9, "fields": {"name": "Tarik Ashley", "gender": "women", "collection": 1, "type": 10, "description": "Et placeat proident", "price": "392.99", "discount": "49.00", "image": "product_images/item_images/Capture_One_Catalog1096_X5zKiWI_4tzl61B_yiRYuYF.jpg"}}, {"model": "store.item", "pk": 10, "fields": {"name": "Lillith Acosta", "gender": "men", "collection": 1, "type": 7, "description": "Sed sint ex et amet", "price": "1199.99", "discount": "28.00", "image": "product_images/item_images/Capture_One_Catalog1028_fK1PHGh.jpg"}}]