[{"model": "store.size", "pk": 1, "fields": {"value": "XS"}}, {"model": "store.size", "pk": 2, "fields": {"value": "S"}}, {"model": "store.size", "pk": 3, "fields": {"value": "M"}}, {"model": "store.size", "pk": 4, "fields": {"value": "L"}}, {"model": "store.size", "pk": 5, "fields": {"value": "XL"}}, {"model": "store.size", "pk": 6, "fields": {"value": "XXL"}}, {"model": "store.size", "pk": 7, "fields": {"value": "XXXL"}}, {"model": "store.size", "pk": 9, "fields": {"value": "36"}}, {"model": "store.size", "pk": 10, "fields": {"value": "38"}}, {"model": "store.size", "pk": 11, "fields": {"value": "40"}}, {"model": "store.size", "pk": 12, "fields": {"value": "42"}}, {"model": "store.color", "pk": 1, "fields": {"name": "VERMILION SCARLET", "hex": "#CD052B"}}, {"model": "store.color", "pk": 2, "fields": {"name": "LEAFY LUSH", "hex": "#0A6906"}}, {"model": "store.color", "pk": 3, "fields": {"name": "BANANA YOGURT", "hex": "#FBE5B6"}}, {"model": "store.color", "pk": 4, "fields": {"name": "SUNSET STRIP", "hex": "#FCBC00"}}, {"model": "store.color", "pk": 5, "fields": {"name": "EPINK", "hex": "#EC38FF"}}, {"model": "store.color", "pk": 6, "fields": {"name": "LUSH GREENERY", "hex": "#89FF44"}}, {"model": "store.color", "pk": 7, "fields": {"name": "GRIFFY BLACK", "hex": "#383636"}}, {"model": "store.color", "pk": 8, "fields": {"name": "SUAVE BEIGE", "hex": "#FFF9E9"}}, {"model": "store.color", "pk": 9, "fields": {"name": "MEDIUM PURPLE", "hex": "#A661ED"}}, {"model": "store.collection", "pk": 1, "fields": {"name": "aw2022/2023", "collection_image": "product_images/collection_images/images_yvf77hQ.png", "link": "autumn-winter-2022-2023"}}, {"model": "store.collection", "pk": 2, "fields": {"name": "ss2023", "collection_image": "product_images/collection_images/hmgoepprod_1.jpeg", "link": "spring-summer-2023"}}, {"model": "store.collection", "pk": 3, "fields": {"name": "aw2023/2024", "collection_image": "product_images/collection_images/Calzoncillo-Calvin_Klein-Boxer-negro-cinturilla_ancha-_o8kfTJS.jpeg", "link": "autumn-winter-2023-2024"}}, {"model": "store.collection", "pk": 4, "fields": {"name": "ss2024", "collection_image": "product_images/collection_images/hmgoepprod_2.jpeg", "link": "spring-summer-2024"}}, {"model": "store.category", "pk": 1, "fields": {"name": "Ropa interior", "code": "ropa-interior", "category_image": "product_images/category_images/calvin-klein-calzoncillos-para-hombre-blancos-trunk.jpg"}}, {"model": "store.category", "pk": 2, "fields": {"name": "Bottom", "code": "bottom", "category_image": "product_images/category_images/hmgoepprod_1.jpeg"}}, {"model": "store.category", "pk": 3, "fields": {"name": "Top", "code": "top", "category_image": "product_images/category_images/Calzoncillo-Calvin_Klein-Boxer-negro-cinturilla_ancha-MI_5HobKs6.jpeg"}}, {"model": "store.category", "pk": 4, "fields": {"name": "Tank-tops", "code": "tank-tops", "category_image": "product_images/category_images/hmgoepprod_3.jpeg"}}, {"model": "store.category", "pk": 5, "fields": {"name": "Perfume", "code": "perfume", "category_image": "product_images/category_images/hmgoepprod.jpeg"}}, {"model": "store.category", "pk": 8, "fields": {"name": "Jewelery", "code": "jewelery", "category_image": "product_images/category_images/hmgoepprod_yKmU7cG.jpeg"}}, {"model": "store.type", "pk": 1, "fields": {"name": "Boxers", "code": null, "category": 1}}, {"model": "store.type", "pk": 2, "fields": {"name": "Vestidos", "code": "vestidos", "category": 2}}, {"model": "store.type", "pk": 3, "fields": {"name": "Pantalones", "code": "pantalones", "category": 2}}, {"model": "store.type", "pk": 4, "fields": {"name": "Minies", "code": "minies", "category": 2}}, {"model": "store.type", "pk": 5, "fields": {"name": "Cargos", "code": "cargos", "category": 2}}, {"model": "store.type", "pk": 6, "fields": {"name": "Tank-tops", "code": "tank-tops", "category": 4}}, {"model": "store.type", "pk": 7, "fields": {"name": "Camisetas", "code": "camisetas", "category": 3}}, {"model": "store.type", "pk": 8, "fields": {"name": "Camisas", "code": "camisas", "category": 3}}, {"model": "store.type", "pk": 9, "fields": {"name": "Hoodies", "code": "hoddies", "category": 3}}, {"model": "store.stock", "pk": 1, "fields": {"item": 1, "size": 3, "color": 9, "in_stock": 11}}, {"model": "store.stock", "pk": 2, "fields": {"item": 1, "size": 2, "color": 9, "in_stock": 35}}, {"model": "store.stock", "pk": 3, "fields": {"item": 1, "size": 1, "color": 9, "in_stock": 980}}, {"model": "store.stock", "pk": 9, "fields": {"item": 3, "size": 9, "color": 7, "in_stock": 986}}, {"model": "store.stock", "pk": 10, "fields": {"item": 3, "size": 10, "color": 7, "in_stock": 17}}, {"model": "store.stock", "pk": 11, "fields": {"item": 3, "size": 11, "color": 7, "in_stock": 17}}, {"model": "store.stock", "pk": 12, "fields": {"item": 3, "size": 12, "color": 7, "in_stock": 29}}, {"model": "store.stock", "pk": 13, "fields": {"item": 3, "size": 9, "color": 8, "in_stock": 1000}}, {"model": "store.stock", "pk": 14, "fields": {"item": 3, "size": 10, "color": 8, "in_stock": 18}}, {"model": "store.stock", "pk": 15, "fields": {"item": 3, "size": 11, "color": 8, "in_stock": 19}}, {"model": "store.stock", "pk": 16, "fields": {"item": 3, "size": 12, "color": 8, "in_stock": 100}}, {"model": "store.stock", "pk": 17, "fields": {"item": 4, "size": 9, "color": 1, "in_stock": 37}}, {"model": "store.stock", "pk": 18, "fields": {"item": 4, "size": 10, "color": 1, "in_stock": 27}}, {"model": "store.stock", "pk": 19, "fields": {"item": 4, "size": 11, "color": 1, "in_stock": 24}}, {"model": "store.stock", "pk": 20, "fields": {"item": 4, "size": 12, "color": 1, "in_stock": 25}}, {"model": "store.stock", "pk": 21, "fields": {"item": 4, "size": 9, "color": 3, "in_stock": 26}}, {"model": "store.stock", "pk": 22, "fields": {"item": 4, "size": 10, "color": 3, "in_stock": 26}}, {"model": "store.stock", "pk": 23, "fields": {"item": 4, "size": 11, "color": 3, "in_stock": 26}}, {"model": "store.stock", "pk": 24, "fields": {"item": 4, "size": 12, "color": 3, "in_stock": 25}}, {"model": "store.stock", "pk": 25, "fields": {"item": 5, "size": 2, "color": 2, "in_stock": 25}}, {"model": "store.stock", "pk": 26, "fields": {"item": 6, "size": 2, "color": 1, "in_stock": 997}}, {"model": "store.stock", "pk": 29, "fields": {"item": 7, "size": 3, "color": 7, "in_stock": 28}}, {"model": "store.stock", "pk": 30, "fields": {"item": 7, "size": 5, "color": 4, "in_stock": 30}}, {"model": "store.stock", "pk": 31, "fields": {"item": 8, "size": 1, "color": 1, "in_stock": 0}}, {"model": "store.stock", "pk": 32, "fields": {"item": 8, "size": 2, "color": 1, "in_stock": 24}}, {"model": "store.stock", "pk": 33, "fields": {"item": 8, "size": 3, "color": 1, "in_stock": 0}}, {"model": "store.stock", "pk": 34, "fields": {"item": 9, "size": 1, "color": 1, "in_stock": 17}}, {"model": "store.stock", "pk": 35, "fields": {"item": 9, "size": 2, "color": 1, "in_stock": 24}}, {"model": "store.stock", "pk": 36, "fields": {"item": 9, "size": 3, "color": 1, "in_stock": 25}}, {"model": "store.stock", "pk": 37, "fields": {"item": 10, "size": 1, "color": 1, "in_stock": 23}}, {"model": "store.stock", "pk": 38, "fields": {"item": 10, "size": 2, "color": 1, "in_stock": 23}}, {"model": "store.stock", "pk": 39, "fields": {"item": 10, "size": 3, "color": 1, "in_stock": 25}}, {"model": "store.stock", "pk": 40, "fields": {"item": 11, "size": 1, "color": 2, "in_stock": 25}}, {"model": "store.stock", "pk": 41, "fields": {"item": 11, "size": 2, "color": 2, "in_stock": 25}}, {"model": "store.stock", "pk": 42, "fields": {"item": 11, "size": 3, "color": 2, "in_stock": 23}}, {"model": "store.stock", "pk": 43, "fields": {"item": 12, "size": 3, "color": 2, "in_stock": 1}}, {"model": "store.stock", "pk": 44, "fields": {"item": 13, "size": 3, "color": 2, "in_stock": 1}}, {"model": "store.stock", "pk": 45, "fields": {"item": 14, "size": 3, "color": 2, "in_stock": 1}}, {"model": "store.stock", "pk": 46, "fields": {"item": 15, "size": 3, "color": 2, "in_stock": 0}}, {"model": "store.stock", "pk": 47, "fields": {"item": 16, "size": 3, "color": 2, "in_stock": 1}}, {"model": "store.stock", "pk": 48, "fields": {"item": 17, "size": 3, "color": 2, "in_stock": 1}}, {"model": "store.stock", "pk": 49, "fields": {"item": 18, "size": 3, "color": 2, "in_stock": 1}}, {"model": "store.stock", "pk": 50, "fields": {"item": 19, "size": 3, "color": 2, "in_stock": 0}}, {"model": "store.stock", "pk": 51, "fields": {"item": 20, "size": 3, "color": 2, "in_stock": 1}}, {"model": "store.carouselimage", "pk": 1, "fields": {"item": 6, "image": "product_images/1/B0011883-FA342-099-20240112110000_3_800x.jpg"}}, {"model": "store.carouselimage", "pk": 2, "fields": {"item": 6, "image": "product_images/1/hmgoepprod_1_XauaEIB.jpeg"}}, {"model": "store.carouselimage", "pk": 3, "fields": {"item": 6, "image": "product_images/1/hmgoepprod_2.jpeg"}}, {"model": "store.carouselimage", "pk": 4, "fields": {"item": 6, "image": "product_images/1/hmgoepprod_3.jpeg"}}, {"model": "store.carouselimage", "pk": 5, "fields": {"item": 6, "image": "product_images/1/hmgoepprod_H4uf7Jx.jpeg"}}, {"model": "store.carouselimage", "pk": 6, "fields": {"item": 3, "image": "product_images/1/B0011883-FA342-099-20240112110000_3_800x_ab12fsf.jpg"}}, {"model": "store.carouselimage", "pk": 7, "fields": {"item": 7, "image": "product_images/1/B0011883-FA342-099-20240112110000_3_800x_DbnH9ve.jpg"}}, {"model": "store.carouselimage", "pk": 8, "fields": {"item": 7, "image": "product_images/1/hmgoepprod_1_ecIA7sZ.jpeg"}}, {"model": "store.carouselimage", "pk": 9, "fields": {"item": 7, "image": "product_images/1/hmgoepprod_3_dt7yuW3.jpeg"}}, {"model": "store.carouselimage", "pk": 10, "fields": {"item": 8, "image": "product_images/1/_2c7c43ec-cca7-4d79-9524-ad6a053eb90b.jpeg"}}, {"model": "store.carouselimage", "pk": 11, "fields": {"item": 9, "image": "product_images/1/_054f4705-4234-4cd6-8630-37f3b34f4ab9.jpeg"}}, {"model": "store.carouselimage", "pk": 12, "fields": {"item": 9, "image": "product_images/1/_e7a283d7-6da2-4c27-89cc-3414884995b9.jpeg"}}, {"model": "store.carouselimage", "pk": 13, "fields": {"item": 9, "image": "product_images/1/_101da3b6-f18f-4d62-9340-41a27fc8ba52.jpeg"}}, {"model": "store.carouselimage", "pk": 14, "fields": {"item": 10, "image": "product_images/1/_22efff46-c412-437b-b02c-cb037f6d3884.jpeg"}}, {"model": "store.carouselimage", "pk": 15, "fields": {"item": 10, "image": "product_images/1/_f7acf0d7-5ec4-43e9-9cff-9113d391240d.jpeg"}}, {"model": "store.carouselimage", "pk": 16, "fields": {"item": 10, "image": "product_images/1/_51a7952c-5058-4652-bd5d-f485e8be3dac.jpeg"}}, {"model": "store.carouselimage", "pk": 17, "fields": {"item": 11, "image": "product_images/1/_552bc445-3117-4bcb-b4a7-7a5455184b41.jpeg"}}, {"model": "store.carouselimage", "pk": 18, "fields": {"item": 11, "image": "product_images/1/_80f27f09-fd81-420a-b911-798e718a0e7a.jpeg"}}, {"model": "store.carouselimage", "pk": 19, "fields": {"item": 11, "image": "product_images/1/_01128170-82b6-4f9a-9e51-0b40d309bb4b.jpeg"}}, {"model": "store.carouselimage", "pk": 20, "fields": {"item": 1, "image": "product_images/1/_23f3935c-de39-46bd-bab4-d5e2d22c0c30.jpeg"}}, {"model": "store.carouselimage", "pk": 21, "fields": {"item": 1, "image": "product_images/1/_2a3038e9-789d-469b-a712-e52ffc183911.jpeg"}}, {"model": "store.carouselimage", "pk": 22, "fields": {"item": 1, "image": "product_images/1/_baf21599-c31f-4a72-8bc7-77fc35047e18.jpeg"}}, {"model": "store.item", "pk": 1, "fields": {"name": "Camiseta muy buena", "gender": "F", "collection": 3, "type": 7, "description": "Элегантный и утончённый кашемировый пуловер – это идеальный выбор для тех, кто ценит комфорт и стиль. Изготовленный из 100% чистого кашемира, этот пуловер обладает невероятной мягкостью, которая приятна к телу, делая его идеальным для прохладной погоды. Шелковистая текстура кашемира не только комфортна, но и придает изысканный вид, подчеркивая вашу любовь к качественной одежде.\r\n\r\nПуловер имеет классический крой с круглым воротником, который легко сочетается как с более формальной одеждой, так и с повседневными нарядами. Эта универсальность делает его отличным выбором для различных случаев — от деловых встреч до дружеских собраний. Рукава и нижняя часть пуловера аккуратно оканчиваются эластичными манжетами, обеспечивающими идеальную посадку и сохраняющими тепло.\r\n\r\nМодель:\r\n\r\nРост: 177 см\r\nРазмер: М\r\nХипс: 85 см", "price": "349.99", "discount": "0.00", "image": "product_images/item_images/_23f3935c-de39-46bd-bab4-d5e2d22c0c30.jpeg"}}, {"model": "store.item", "pk": 3, "fields": {"name": "Cargos para hombre", "gender": "M", "collection": 4, "type": 5, "description": "Cargos para hombre", "price": "299.99", "discount": "0.00", "image": "product_images/item_images/_bfd9f4f0-5f41-43f1-853a-8b4c44e7a942.jpg"}}, {"model": "store.item", "pk": 4, "fields": {"name": "Pantalones para hombre", "gender": "M", "collection": 4, "type": 3, "description": "Unos buenos pantalones para hombre", "price": "349.99", "discount": "0.00", "image": "product_images/item_images/Calzoncillo-Calvin_Klein-Boxer-negro-cinturilla_ancha-MIcrof_OVVgOg5.jpeg"}}, {"model": "store.item", "pk": 5, "fields": {"name": "Buena polla para hombre", "gender": "M", "collection": 2, "type": 1, "description": "Una polla", "price": "999.99", "discount": "0.00", "image": "product_images/item_images/hmgoepprod.jpeg"}}, {"model": "store.item", "pk": 6, "fields": {"name": "Camisa", "gender": "M", "collection": 3, "type": 8, "description": "Camisa", "price": "39.99", "discount": "0.00", "image": "product_images/item_images/hmgoepprod_1_LggZi3l.jpeg"}}, {"model": "store.item", "pk": 7, "fields": {"name": "testItem", "gender": "M", "collection": 1, "type": 6, "description": "testItem", "price": "2999.99", "discount": "0.00", "image": "product_images/item_images/hmgoepprod_2_dlYTByd.jpeg"}}, {"model": "store.item", "pk": 8, "fields": {"name": "testItem2", "gender": "M", "collection": 1, "type": 9, "description": "testItem2", "price": "3999.99", "discount": "0.00", "image": "product_images/item_images/_69d391fa-0f09-4b2f-805c-0941a6d83d63.jpeg"}}, {"model": "store.item", "pk": 9, "fields": {"name": "vaceros", "gender": "M", "collection": 4, "type": 3, "description": "vaceros", "price": "3999.00", "discount": "0.00", "image": "product_images/item_images/_101da3b6-f18f-4d62-9340-41a27fc8ba52.jpeg"}}, {"model": "store.item", "pk": 10, "fields": {"name": "Camiseta roja", "gender": "M", "collection": 4, "type": 7, "description": "Camiseta roja muy buena", "price": "3999.99", "discount": "0.00", "image": "product_images/item_images/_22efff46-c412-437b-b02c-cb037f6d3884.jpeg"}}, {"model": "store.item", "pk": 11, "fields": {"name": "Camiseta sin mangos verde", "gender": "F", "collection": 4, "type": 7, "description": "Camiseta sin mangos verde muy buena", "price": "2599.99", "discount": "0.00", "image": "product_images/item_images/_552bc445-3117-4bcb-b4a7-7a5455184b41.jpeg"}}, {"model": "store.item", "pk": 12, "fields": {"name": "Verde 1", "gender": "U", "collection": 4, "type": 7, "description": "Verde 1", "price": "3999.99", "discount": "0.00", "image": "product_images/item_images/_552bc445-3117-4bcb-b4a7-7a5455184b41_xnwv1aN.jpeg"}}, {"model": "store.item", "pk": 13, "fields": {"name": "Verde 2", "gender": "U", "collection": 4, "type": 7, "description": "Verde 2", "price": "3999.99", "discount": "0.00", "image": "product_images/item_images/_80f27f09-fd81-420a-b911-798e718a0e7a.jpeg"}}, {"model": "store.item", "pk": 14, "fields": {"name": "Verde 3", "gender": "U", "collection": 4, "type": 7, "description": "Verde 3", "price": "3999.99", "discount": "0.00", "image": "product_images/item_images/_552bc445-3117-4bcb-b4a7-7a5455184b41_mRfAHH4.jpeg"}}, {"model": "store.item", "pk": 15, "fields": {"name": "Verde 4", "gender": "U", "collection": 4, "type": 7, "description": "Verde 4", "price": "3999.99", "discount": "0.00", "image": "product_images/item_images/_552bc445-3117-4bcb-b4a7-7a5455184b41_Q1T7XwR.jpeg"}}, {"model": "store.item", "pk": 16, "fields": {"name": "Verde 5", "gender": "U", "collection": 4, "type": 7, "description": "Verde 5", "price": "3999.99", "discount": "0.00", "image": "product_images/item_images/_80f27f09-fd81-420a-b911-798e718a0e7a_Q2Qwy8g.jpeg"}}, {"model": "store.item", "pk": 17, "fields": {"name": "Verde 6", "gender": "U", "collection": 4, "type": 7, "description": "Verde 6", "price": "3999.99", "discount": "0.00", "image": "product_images/item_images/_80f27f09-fd81-420a-b911-798e718a0e7a_GjpMzfO.jpeg"}}, {"model": "store.item", "pk": 18, "fields": {"name": "Verde 7", "gender": "M", "collection": 4, "type": 7, "description": "Verde 7", "price": "3999.99", "discount": "0.00", "image": "product_images/item_images/_80f27f09-fd81-420a-b911-798e718a0e7a_jB63clQ.jpeg"}}, {"model": "store.item", "pk": 19, "fields": {"name": "Verde 8", "gender": "M", "collection": 4, "type": 7, "description": "Verde 8", "price": "3999.99", "discount": "0.00", "image": "product_images/item_images/_552bc445-3117-4bcb-b4a7-7a5455184b41_G14Yrj8.jpeg"}}, {"model": "store.item", "pk": 20, "fields": {"name": "Verde 9", "gender": "M", "collection": 4, "type": 7, "description": "Verde 9", "price": "3999.99", "discount": "0.00", "image": "product_images/item_images/_552bc445-3117-4bcb-b4a7-7a5455184b41_f7tPjtd.jpeg"}}]